<?xml version="1.0" encoding="UTF-8" standalone="no" ?>
<?xml-stylesheet href="rptstyle.xsl" type="text/xsl" ?>
<doc>
<title>Global Net Report</title>
<text>Microsemi Corporation - Microsemi Libero Software Release v12.6 (Version 12.900.20.24)</text>
<text>Date: Tue Aug  3 12:06:41 2021
</text>
<section>
<name>Global Nets Information</name>
<table>
<header>
 <cell/>
 <cell> From </cell>
 <cell> GB Location </cell>
 <cell> Net Name </cell>
 <cell> Fanout </cell>
</header>
<row>
 <cell>1</cell>
 <cell>GB[1] </cell>
 <cell>(291, 72)</cell>
 <cell>test_0/UCK3/U0_YWn</cell>
 <cell>493</cell>
</row>
<row>
 <cell>2</cell>
 <cell>GB[3] </cell>
 <cell>(293, 72)</cell>
 <cell>u8_sb_0/CORERESETP_0/MSS_HPMS_READY_int_rep_RNI50M1/U0_YWn</cell>
 <cell>394</cell>
</row>
<row>
 <cell>3</cell>
 <cell>GB[0] </cell>
 <cell>(290, 72)</cell>
 <cell>test_0/u100/reset_n_RNI12DE/U0_YWn_GEast</cell>
 <cell>181</cell>
</row>
<row>
 <cell>4</cell>
 <cell>GB[5] </cell>
 <cell>(295, 72)</cell>
 <cell>test_0/UCK1/U0_YWn_GEast</cell>
 <cell>148</cell>
</row>
<row>
 <cell>5</cell>
 <cell>GB[2] </cell>
 <cell>(292, 72)</cell>
 <cell>test_0/u100/UD100/crc_clr_RNI1MED/U0_YWn_GEast</cell>
 <cell>64</cell>
</row>
<row>
 <cell>6</cell>
 <cell>GB[6] </cell>
 <cell>(296, 72)</cell>
 <cell>test_0/u100/UCK99/U0_YWn_GEast</cell>
 <cell>40</cell>
</row>
<row>
 <cell>7</cell>
 <cell>GB[4] </cell>
 <cell>(294, 72)</cell>
 <cell>test_0/UADC/clkd8_inferred_clock_RNIN769/U0_YWn_GEast</cell>
 <cell>37</cell>
</row>
<row>
 <cell>8</cell>
 <cell>GB[7] </cell>
 <cell>(297, 72)</cell>
 <cell>u8_sb_0/CCC_0/GL0_INST/U0_YWn_GEast</cell>
 <cell>37</cell>
</row>
<row>
 <cell>9</cell>
 <cell>GB[15] </cell>
 <cell>(309, 72)</cell>
 <cell>test_0/UCK4/U0_YWn_GEast</cell>
 <cell>5</cell>
</row>
<row>
 <cell>10</cell>
 <cell>GB[11] </cell>
 <cell>(305, 72)</cell>
 <cell>mclk_ibuf_RNIC9QA/U0_YWn_GEast</cell>
 <cell>2</cell>
</row>
</table>
<text></text>
</section>
<section>
<name>I/O to GB Connections</name>
<table>
<header>
 <cell/>
 <cell> Port Name </cell>
 <cell> Pin Number </cell>
 <cell> I/O Function </cell>
 <cell> From </cell>
 <cell> From Location </cell>
 <cell> To </cell>
 <cell> Net Name </cell>
 <cell> Net Type </cell>
 <cell> Fanout </cell>
</header>
<row>
 <cell>1</cell>
 <cell>sdclk</cell>
 <cell>Y14</cell>
 <cell>MSIO133PB4/GB15/VCCC_SE1_CLKI</cell>
 <cell>sdclk_ibuf/U0/U_IOPAD:Y</cell>
 <cell>(516, 1)</cell>
 <cell>GB[15] </cell>
 <cell>sdclk_ibuf/U0/YIN1</cell>
 <cell>HARDWIRED</cell>
 <cell>2</cell>
</row>
<row>
 <cell>2</cell>
 <cell>mclk</cell>
 <cell>U13</cell>
 <cell>MSIO131PB4/GB11/VCCC_SE0_CLKI</cell>
 <cell>mclk_ibuf/U0/U_IOPAD:Y</cell>
 <cell>(504, 1)</cell>
 <cell>GB[11] </cell>
 <cell>mclk_ibuf</cell>
 <cell>HARDWIRED</cell>
 <cell>2</cell>
</row>
</table>
<text></text>
</section>
<section>
<name>Fabric to GB Connections</name>
<table>
<header>
 <cell/>
 <cell> From </cell>
 <cell> From Location </cell>
 <cell> To </cell>
 <cell> Net Name </cell>
 <cell> Net Type </cell>
 <cell> Fanout </cell>
</header>
<row>
 <cell>1</cell>
 <cell>test_0/UCK3_RNO:Y</cell>
 <cell>(543, 81)</cell>
 <cell>GB[1] </cell>
 <cell>test_0/sdclk_c_i</cell>
 <cell>ROUTED</cell>
 <cell>1</cell>
</row>
<row>
 <cell>2</cell>
 <cell>u8_sb_0/CORERESETP_0/MSS_HPMS_READY_int_rep:Q</cell>
 <cell>(469, 76)</cell>
 <cell>GB[3] </cell>
 <cell>u8_sb_0/CORERESETP_0/MSS_HPMS_READY_int_rep</cell>
 <cell>ROUTED</cell>
 <cell>1</cell>
</row>
<row>
 <cell>3</cell>
 <cell>test_0/u100/reset_n:Y</cell>
 <cell>(468, 75)</cell>
 <cell>GB[0] </cell>
 <cell>test_0/u100/reset_n</cell>
 <cell>ROUTED</cell>
 <cell>2</cell>
</row>
<row>
 <cell>4</cell>
 <cell>test_0/mclk_d2:Q</cell>
 <cell>(539, 76)</cell>
 <cell>GB[5] </cell>
 <cell>test_0/mclk_d2</cell>
 <cell>ROUTED</cell>
 <cell>2</cell>
</row>
<row>
 <cell>5</cell>
 <cell>test_0/u100/UD100/crc_clr:Q</cell>
 <cell>(509, 49)</cell>
 <cell>GB[2] </cell>
 <cell>test_0/u100/UD100/crc_clr_0</cell>
 <cell>ROUTED</cell>
 <cell>1</cell>
</row>
<row>
 <cell>6</cell>
 <cell>test_0/UADC/clkd8:Q</cell>
 <cell>(558, 94)</cell>
 <cell>GB[6] </cell>
 <cell>test_0/clkd8</cell>
 <cell>ROUTED</cell>
 <cell>4</cell>
</row>
<row>
 <cell>7</cell>
 <cell>test_0/UADC/clkd8:Q</cell>
 <cell>(558, 94)</cell>
 <cell>GB[4] </cell>
 <cell>test_0/clkd8</cell>
 <cell>ROUTED</cell>
 <cell>4</cell>
</row>
</table>
<text></text>
</section>
<section>
<name>CCC to GB Connections</name>
<table>
<header>
 <cell/>
 <cell> From </cell>
 <cell> From Location </cell>
 <cell>Pin Swapped for Back Annotation Only</cell>
 <cell> To </cell>
 <cell> Net Name </cell>
 <cell> Net Type </cell>
 <cell> Fanout </cell>
</header>
<row>
 <cell>1</cell>
 <cell>u8_sb_0/CCC_0/CCC_INST/INST_CCC_IP:GL0</cell>
 <cell>CCC-NW1 (18, 134)</cell>
 <cell>GL0 =&gt; GL3</cell>
 <cell>GB[7] </cell>
 <cell>u8_sb_0/CCC_0/GL0_net</cell>
 <cell>HARDWIRED</cell>
 <cell>1</cell>
</row>
</table>
<text></text>
</section>
<section>
<name>CCC Input Connections</name>
<table>
<header>
 <cell/>
 <cell> From </cell>
 <cell> From Location </cell>
 <cell> To (Pin Swapped for Back Annotation Only) </cell>
 <cell> CCC Location </cell>
 <cell> Net Name </cell>
 <cell> Net Type </cell>
 <cell> Fanout </cell>
</header>
<row>
 <cell>1</cell>
 <cell>test_0/mclk_d2_RNIPAT8:Y</cell>
 <cell>(539, 75)</cell>
 <cell>u8_sb_0/CCC_0/CCC_INST/INST_CCC_IP:CLK0</cell>
 <cell>CCC-NW1 (18, 134)</cell>
 <cell>test_0.mclk_d2_i</cell>
 <cell>ROUTED</cell>
 <cell>2</cell>
</row>
</table>
<text></text>
</section>
<section>
<name>Local Nets to RGB Connections</name>
<text>(none)</text>
</section>
<section>
<name>Global Nets to RGB Connections</name>
<table>
<header>
 <cell/>
 <cell> From </cell>
 <cell> From Location </cell>
 <cell> Net Name </cell>
 <cell> Fanout </cell>
 <cell> </cell>
 <cell> RGB Location </cell>
 <cell> Local Fanout </cell>
</header>
<row>
 <cell>1</cell>
 <cell>GB[1] </cell>
 <cell>(291, 72)</cell>
 <cell>test_0/UCK3/U0_YWn</cell>
 <cell>493</cell>
 <cell> </cell>
 <cell>(146, 0)</cell>
 <cell>2</cell>
</row>
<row>
 <cell>2</cell>
 <cell>GB[3] </cell>
 <cell>(293, 72)</cell>
 <cell>u8_sb_0/CORERESETP_0/MSS_HPMS_READY_int_rep_RNI50M1/U0_YWn</cell>
 <cell>394</cell>
 <cell> </cell>
 <cell>(147, 0)</cell>
 <cell>2</cell>
</row>
<row>
 <cell>3</cell>
 <cell>GB[0] </cell>
 <cell>(290, 72)</cell>
 <cell>test_0/u100/reset_n_RNI12DE/U0_YWn_GEast</cell>
 <cell>181</cell>
 <cell>1</cell>
 <cell>(447, 108)</cell>
 <cell>11</cell>
</row>
<row>
 <cell> </cell>
 <cell></cell>
 <cell></cell>
 <cell></cell>
 <cell></cell>
 <cell>2</cell>
 <cell>(448, 87)</cell>
 <cell>20</cell>
</row>
<row>
 <cell> </cell>
 <cell></cell>
 <cell></cell>
 <cell></cell>
 <cell></cell>
 <cell>3</cell>
 <cell>(448, 105)</cell>
 <cell>43</cell>
</row>
<row>
 <cell> </cell>
 <cell></cell>
 <cell></cell>
 <cell></cell>
 <cell></cell>
 <cell>4</cell>
 <cell>(449, 96)</cell>
 <cell>18</cell>
</row>
<row>
 <cell> </cell>
 <cell></cell>
 <cell></cell>
 <cell></cell>
 <cell></cell>
 <cell>5</cell>
 <cell>(450, 75)</cell>
 <cell>1</cell>
</row>
<row>
 <cell> </cell>
 <cell></cell>
 <cell></cell>
 <cell></cell>
 <cell></cell>
 <cell>6</cell>
 <cell>(450, 90)</cell>
 <cell>33</cell>
</row>
<row>
 <cell> </cell>
 <cell></cell>
 <cell></cell>
 <cell></cell>
 <cell></cell>
 <cell>7</cell>
 <cell>(450, 99)</cell>
 <cell>28</cell>
</row>
<row>
 <cell> </cell>
 <cell></cell>
 <cell></cell>
 <cell></cell>
 <cell></cell>
 <cell>8</cell>
 <cell>(450, 102)</cell>
 <cell>12</cell>
</row>
<row>
 <cell> </cell>
 <cell></cell>
 <cell></cell>
 <cell></cell>
 <cell></cell>
 <cell>9</cell>
 <cell>(451, 93)</cell>
 <cell>15</cell>
</row>
<row>
 <cell>4</cell>
 <cell>GB[5] </cell>
 <cell>(295, 72)</cell>
 <cell>test_0/UCK1/U0_YWn_GEast</cell>
 <cell>148</cell>
 <cell>1</cell>
 <cell>(446, 105)</cell>
 <cell>12</cell>
</row>
<row>
 <cell> </cell>
 <cell></cell>
 <cell></cell>
 <cell></cell>
 <cell></cell>
 <cell>2</cell>
 <cell>(446, 108)</cell>
 <cell>11</cell>
</row>
<row>
 <cell> </cell>
 <cell></cell>
 <cell></cell>
 <cell></cell>
 <cell></cell>
 <cell>3</cell>
 <cell>(447, 66)</cell>
 <cell>1</cell>
</row>
<row>
 <cell> </cell>
 <cell></cell>
 <cell></cell>
 <cell></cell>
 <cell></cell>
 <cell>4</cell>
 <cell>(447, 87)</cell>
 <cell>20</cell>
</row>
<row>
 <cell> </cell>
 <cell></cell>
 <cell></cell>
 <cell></cell>
 <cell></cell>
 <cell>5</cell>
 <cell>(447, 96)</cell>
 <cell>19</cell>
</row>
<row>
 <cell> </cell>
 <cell></cell>
 <cell></cell>
 <cell></cell>
 <cell></cell>
 <cell>6</cell>
 <cell>(447, 99)</cell>
 <cell>25</cell>
</row>
<row>
 <cell> </cell>
 <cell></cell>
 <cell></cell>
 <cell></cell>
 <cell></cell>
 <cell>7</cell>
 <cell>(447, 102)</cell>
 <cell>6</cell>
</row>
<row>
 <cell> </cell>
 <cell></cell>
 <cell></cell>
 <cell></cell>
 <cell></cell>
 <cell>8</cell>
 <cell>(448, 51)</cell>
 <cell>10</cell>
</row>
<row>
 <cell> </cell>
 <cell></cell>
 <cell></cell>
 <cell></cell>
 <cell></cell>
 <cell>9</cell>
 <cell>(448, 90)</cell>
 <cell>33</cell>
</row>
<row>
 <cell> </cell>
 <cell></cell>
 <cell></cell>
 <cell></cell>
 <cell></cell>
 <cell>10</cell>
 <cell>(449, 93)</cell>
 <cell>11</cell>
</row>
<row>
 <cell>5</cell>
 <cell>GB[2] </cell>
 <cell>(292, 72)</cell>
 <cell>test_0/u100/UD100/crc_clr_RNI1MED/U0_YWn_GEast</cell>
 <cell>64</cell>
 <cell>1</cell>
 <cell>(448, 54)</cell>
 <cell>12</cell>
</row>
<row>
 <cell> </cell>
 <cell></cell>
 <cell></cell>
 <cell></cell>
 <cell></cell>
 <cell>2</cell>
 <cell>(448, 57)</cell>
 <cell>8</cell>
</row>
<row>
 <cell> </cell>
 <cell></cell>
 <cell></cell>
 <cell></cell>
 <cell></cell>
 <cell>3</cell>
 <cell>(448, 60)</cell>
 <cell>32</cell>
</row>
<row>
 <cell> </cell>
 <cell></cell>
 <cell></cell>
 <cell></cell>
 <cell></cell>
 <cell>4</cell>
 <cell>(448, 63)</cell>
 <cell>12</cell>
</row>
<row>
 <cell>6</cell>
 <cell>GB[6] </cell>
 <cell>(296, 72)</cell>
 <cell>test_0/u100/UCK99/U0_YWn_GEast</cell>
 <cell>40</cell>
 <cell>1</cell>
 <cell>(447, 105)</cell>
 <cell>31</cell>
</row>
<row>
 <cell> </cell>
 <cell></cell>
 <cell></cell>
 <cell></cell>
 <cell></cell>
 <cell>2</cell>
 <cell>(448, 99)</cell>
 <cell>3</cell>
</row>
<row>
 <cell> </cell>
 <cell></cell>
 <cell></cell>
 <cell></cell>
 <cell></cell>
 <cell>3</cell>
 <cell>(448, 102)</cell>
 <cell>6</cell>
</row>
<row>
 <cell>7</cell>
 <cell>GB[4] </cell>
 <cell>(294, 72)</cell>
 <cell>test_0/UADC/clkd8_inferred_clock_RNIN769/U0_YWn_GEast</cell>
 <cell>37</cell>
 <cell>1</cell>
 <cell>(446, 102)</cell>
 <cell>32</cell>
</row>
<row>
 <cell> </cell>
 <cell></cell>
 <cell></cell>
 <cell></cell>
 <cell></cell>
 <cell>2</cell>
 <cell>(448, 93)</cell>
 <cell>5</cell>
</row>
<row>
 <cell>8</cell>
 <cell>GB[7] </cell>
 <cell>(297, 72)</cell>
 <cell>u8_sb_0/CCC_0/GL0_INST/U0_YWn_GEast</cell>
 <cell>37</cell>
 <cell>1</cell>
 <cell>(446, 96)</cell>
 <cell>13</cell>
</row>
<row>
 <cell> </cell>
 <cell></cell>
 <cell></cell>
 <cell></cell>
 <cell></cell>
 <cell>2</cell>
 <cell>(446, 99)</cell>
 <cell>3</cell>
</row>
<row>
 <cell> </cell>
 <cell></cell>
 <cell></cell>
 <cell></cell>
 <cell></cell>
 <cell>3</cell>
 <cell>(446, 144)</cell>
 <cell>1</cell>
</row>
<row>
 <cell> </cell>
 <cell></cell>
 <cell></cell>
 <cell></cell>
 <cell></cell>
 <cell>4</cell>
 <cell>(447, 90)</cell>
 <cell>6</cell>
</row>
<row>
 <cell> </cell>
 <cell></cell>
 <cell></cell>
 <cell></cell>
 <cell></cell>
 <cell>5</cell>
 <cell>(447, 93)</cell>
 <cell>8</cell>
</row>
<row>
 <cell> </cell>
 <cell></cell>
 <cell></cell>
 <cell></cell>
 <cell></cell>
 <cell>6</cell>
 <cell>(448, 75)</cell>
 <cell>6</cell>
</row>
<row>
 <cell>9</cell>
 <cell>GB[15] </cell>
 <cell>(309, 72)</cell>
 <cell>test_0/UCK4/U0_YWn_GEast</cell>
 <cell>5</cell>
 <cell>1</cell>
 <cell>(446, 15)</cell>
 <cell>1</cell>
</row>
<row>
 <cell> </cell>
 <cell></cell>
 <cell></cell>
 <cell></cell>
 <cell></cell>
 <cell>2</cell>
 <cell>(447, 51)</cell>
 <cell>4</cell>
</row>
<row>
 <cell>10</cell>
 <cell>GB[11] </cell>
 <cell>(305, 72)</cell>
 <cell>mclk_ibuf_RNIC9QA/U0_YWn_GEast</cell>
 <cell>2</cell>
 <cell> </cell>
 <cell>(447, 75)</cell>
 <cell>2</cell>
</row>
</table>
<text></text>
</section>
<section>
<name>Warning: Local Clock Nets</name>
<text>The following clocks are routed using regular routing resources instead of dedicated global resources. Clocks using regular routing are more susceptible to noise than those using dedicated global resources. Microchip recommends promoting these signals to dedicated global resources.
</text>
<table>
<header>
 <cell/>
 <cell> From </cell>
 <cell> Driving Net </cell>
 <cell> To </cell>
</header>
<row>
 <cell>1</cell>
 <cell>test_0/UADC/clkd4:Q</cell>
 <cell>test_0/UADC/clkd4</cell>
 <cell>test_0/UADC/clkd8:CLK</cell>
</row>
<row>
 <cell>2</cell>
 <cell>test_0/UADC/clkd2:Q</cell>
 <cell>test_0/UADC/clkd2</cell>
 <cell>test_0/UADC/clkd4:CLK</cell>
</row>
<row>
 <cell>3</cell>
 <cell>test_0/c1:Q</cell>
 <cell>test_0/c1</cell>
 <cell>test_0/c2:CLK</cell>
</row>
<row>
 <cell>4</cell>
 <cell>test_0/c2:Q</cell>
 <cell>test_0/c2</cell>
 <cell>test_0/c3:CLK</cell>
</row>
</table>
</section>
</doc>
