<?xml version="1.0" encoding="ISO-8859-1" ?>
<?xml-stylesheet type="text/xsl" href="drcss.xsl"?>
<drcreport>
  <header>u8</header>
  <drc>
    <status>C:\Microsemi\Libero_SoC_v11.8\Designer/data/drcreport\warn.png</status>
    <StatusMessage>Warning</StatusMessage>
    <message>Floating Driver</message>
    <detail>Floating output pin u8:clock138_bck</detail>
    <crossprobe>liberoaction://cross_probe/smartdesign/u8/pins/u8:clock138_bck</crossprobe>
  </drc>
  <drc>
    <status>C:\Microsemi\Libero_SoC_v11.8\Designer/data/drcreport\warn.png</status>
    <StatusMessage>Warning</StatusMessage>
    <message>Floating Driver</message>
    <detail>Floating output pin u8:clock138_lrck</detail>
    <crossprobe>liberoaction://cross_probe/smartdesign/u8/pins/u8:clock138_lrck</crossprobe>
  </drc>
  <drc>
    <status>C:\Microsemi\Libero_SoC_v11.8\Designer/data/drcreport\error.png</status>
    <StatusMessage>Error</StatusMessage>
    <message>Undriven Pin</message>
    <detail>Unconnected top level output port u8:dsd_ln0</detail>
    <crossprobe>liberoaction://cross_probe/smartdesign/u8/pins/u8:dsd_ln0</crossprobe>
  </drc>
  <drc>
    <status>C:\Microsemi\Libero_SoC_v11.8\Designer/data/drcreport\error.png</status>
    <StatusMessage>Error</StatusMessage>
    <message>Undriven Pin</message>
    <detail>Unconnected input pin test_0:dsd_ln0</detail>
    <crossprobe>liberoaction://cross_probe/smartdesign/u8/pins/test_0:dsd_ln0</crossprobe>
  </drc>
</drcreport>
